,브랜드 MTB/접이식자전거/하이브리드자전거/로드자전거/픽시/노펑크자전거 초특가세일,(e근두운) 20인치 전기자전거 접이식 이런바이크 (e-Run바이크) / 입문자용 20인치 접이식 전기자전거,[무료배송+무료조립] 첼로 볼더 1.0 27단 MTB 자전거
2019-04-17 09:54:23.049080,62900,389000,554500
2019-04-17 10:01:41.745402,62900,389000,554500
2019-04-18 15:46:05.990825,62900,389000,554500
2019-04-18 15:48:30.323793,62901,389001,554501
2019-05-07 10:47:07.862188,69120,389000,504600
2019-05-07 10:56:01.094611,69120,389000,504600
2019-05-07 10:56:48.517850,69120,389000,504600
2019-05-07 11:08:02.361601,69120,389000,504600
2019-05-07 11:16:46.823035,69120,389000,504600
2019-05-07 11:18:22.590786,69120,389000,504600
