,[무료배송+무료조립] 첼로 볼더 1.0 27단 MTB 자전거,[쿠베로]에어리아1.0 시마노 105 22단 로드자전거,알톤 아크라A 하이브리드자전거 로드 삼천리자전거
2018-08-04 15:04:55.804658,554500,575580,200200
2018-08-04 15:14:36.223928,554501,575581,200201
2018-08-07 22:30:12.213896,510141,575581,200201
2018-08-07 22:35:47.421075,510140,575580,200200
2018-08-08 08:58:28.255529,510140,575580,200200
2018-08-08 09:07:10.929370,510140,575580,200200
2018-08-08 09:17:03.215889,510140,575580,200200
2018-08-08 09:21:36.945107,510140,575580,200200
2018-08-08 09:25:50.904393,510140,575580,200200
2018-08-08 09:27:31.755557,510140,575580,200200
